{
  "development": {
    "username": "waver_123",
    "password": "waver_123",
    "database": "waverzy",
    "host": "pi-uf64d17jfjza79pyk.mysql.polardb.cnsh.rds.aliyuncs.com",
    "port": "3306",
    "dialect": "mysql",
    "dialectOptions": {
      "charset": "utf8",
      "collate": "utf8_general_ci"
    },
    "apikey": "5cef2cb2d68e0105a5f931fe5058267",
    "appid": "wxf40888c335838842",
    "secret": "f0f85036d35117b3ea67d1d13ecef7c7",
    "token": "zhier",
    "mch_id": "1498672372",
    "key": "zhiertechweixinzhaoyangwaver1234"
  }
}